Sector,Type,Name,Link
01,SNIa,2018evo,https://tess.mit.edu/public/tesstransients/images/sector01/lc_2018evo_cleaned.png
01,SNIa,2018exc,https://tess.mit.edu/public/tesstransients/images/sector01/lc_2018exc_cleaned.png
01,SNIa,2018eod,https://tess.mit.edu/public/tesstransients/images/sector01/lc_2018eod_cleaned.png
01,SNIa,2018fhw,https://tess.mit.edu/public/tesstransients/images/sector01/lc_2018fhw_cleaned.png
02,SNIa,2018fwi,https://tess.mit.edu/public/tesstransients/images/sector02/lc_2018fwi_cleaned.png
02,SNIa,2018fzi,https://tess.mit.edu/public/tesstransients/images/sector02/lc_2018fzi_cleaned.png
02,SNIa,2018fqn,https://tess.mit.edu/public/tesstransients/images/sector02/lc_2018fqn_cleaned.png
02,SNIa,2018grv,https://tess.mit.edu/public/tesstransients/images/sector02/lc_2018grv_cleaned.png
02,SNIa,2018fub,https://tess.mit.edu/public/tesstransients/images/sector02/lc_2018fub_cleaned.png
02,SNIa,2018fvi,https://tess.mit.edu/public/tesstransients/images/sector02/lc_2018fvi_cleaned.png
03,SNIa,2018hlp,https://tess.mit.edu/public/tesstransients/images/sector03/lc_2018hlp_cleaned.png
03,SNIa,2018hkb,https://tess.mit.edu/public/tesstransients/images/sector03/lc_2018hkb_cleaned.png
03,SNIa,2018hgc,https://tess.mit.edu/public/tesstransients/images/sector03/lc_2018hgc_cleaned.png
03,SNIa,2018hka,https://tess.mit.edu/public/tesstransients/images/sector03/lc_2018hka_cleaned.png
03,SNIa,2018hib,https://tess.mit.edu/public/tesstransients/images/sector03/lc_2018hib_cleaned.png
03,SNIa,2018hpu,https://tess.mit.edu/public/tesstransients/images/sector03/lc_2018hpu_cleaned.png
03,SNIa,2018hdo,https://tess.mit.edu/public/tesstransients/images/sector03/lc_2018hdo_cleaned.png
03,SNIa,2018hkx,https://tess.mit.edu/public/tesstransients/images/sector03/lc_2018hkx_cleaned.png
04,SNIa,2018ieu,https://tess.mit.edu/public/tesstransients/images/sector04/lc_2018ieu_cleaned.png
04,SNIa,2018huc,https://tess.mit.edu/public/tesstransients/images/sector04/lc_2018huc_cleaned.png
04,SNIa,2018hrs,https://tess.mit.edu/public/tesstransients/images/sector04/lc_2018hrs_cleaned.png
04,SNIa,2018hyy,https://tess.mit.edu/public/tesstransients/images/sector04/lc_2018hyy_cleaned.png
04,SNIa,2018ikr,https://tess.mit.edu/public/tesstransients/images/sector04/lc_2018ikr_cleaned.png
04,SNIa,2018hzh,https://tess.mit.edu/public/tesstransients/images/sector04/lc_2018hzh_cleaned.png
04,SNIa,2018hss,https://tess.mit.edu/public/tesstransients/images/sector04/lc_2018hss_cleaned.png
04,SNIa,2018hsz,https://tess.mit.edu/public/tesstransients/images/sector04/lc_2018hsz_cleaned.png
05,SNIa,2018itr,https://tess.mit.edu/public/tesstransients/images/sector05/lc_2018itr_cleaned.png
05,SNIa,2018jeb,https://tess.mit.edu/public/tesstransients/images/sector05/lc_2018jeb_cleaned.png
05,SNIa,2018iyx,https://tess.mit.edu/public/tesstransients/images/sector05/lc_2018iyx_cleaned.png
05,SNIa,2018jjs,https://tess.mit.edu/public/tesstransients/images/sector05/lc_2018jjs_cleaned.png
05,SNIa,2018jjd,https://tess.mit.edu/public/tesstransients/images/sector05/lc_2018jjd_cleaned.png
05,SNIa,2018jnd,https://tess.mit.edu/public/tesstransients/images/sector05/lc_2018jnd_cleaned.png
05,SNIa,2018ioa,https://tess.mit.edu/public/tesstransients/images/sector05/lc_2018ioa_cleaned.png
06,SNIa,2018kfv,https://tess.mit.edu/public/tesstransients/images/sector06/lc_2018kfv_cleaned.png
06,SNIa,2018lla,https://tess.mit.edu/public/tesstransients/images/sector06/lc_2018lla_cleaned.png
06,SNIa,2018koy,https://tess.mit.edu/public/tesstransients/images/sector06/lc_2018koy_cleaned.png
06,SNIa,2018jwi,https://tess.mit.edu/public/tesstransients/images/sector06/lc_2018jwi_cleaned.png
07,SNIa,2019aba,https://tess.mit.edu/public/tesstransients/images/sector07/lc_2019aba_cleaned.png
07,SNIa,2019ako,https://tess.mit.edu/public/tesstransients/images/sector07/lc_2019ako_cleaned.png
07,SNIa,2019rm,https://tess.mit.edu/public/tesstransients/images/sector07/lc_2019rm_cleaned.png
08,SNIa,2019axj,https://tess.mit.edu/public/tesstransients/images/sector08/lc_2019axj_cleaned.png
08,SNIa,2019bea,https://tess.mit.edu/public/tesstransients/images/sector08/lc_2019bea_cleaned.png
09,SNIa,2019bxi,https://tess.mit.edu/public/tesstransients/images/sector09/lc_2019bxi_cleaned.png
10,SNIa,2019dsn,https://tess.mit.edu/public/tesstransients/images/sector10/lc_2019dsn_cleaned.png
11,SNIa,2019ekn,https://tess.mit.edu/public/tesstransients/images/sector11/lc_2019ekn_cleaned.png
12,SNIa,2019gak,https://tess.mit.edu/public/tesstransients/images/sector12/lc_2019gak_cleaned.png
12,SNIa,2019gqv,https://tess.mit.edu/public/tesstransients/images/sector12/lc_2019gqv_cleaned.png
14,SNIa,2019mvj,https://tess.mit.edu/public/tesstransients/images/sector14/lc_2019mvj_cleaned.png
14,SNIa,2019lsp,https://tess.mit.edu/public/tesstransients/images/sector14/lc_2019lsp_cleaned.png
14,SNIa,2019njx,https://tess.mit.edu/public/tesstransients/images/sector14/lc_2019njx_cleaned.png
14,SNIa,2019mue,https://tess.mit.edu/public/tesstransients/images/sector14/lc_2019mue_cleaned.png
14,SNIa,2019mbi,https://tess.mit.edu/public/tesstransients/images/sector14/lc_2019mbi_cleaned.png
14,SNIa,2019ncd,https://tess.mit.edu/public/tesstransients/images/sector14/lc_2019ncd_cleaned.png
14,SNIa,2019mdw,https://tess.mit.edu/public/tesstransients/images/sector14/lc_2019mdw_cleaned.png
14,SNIa,2019mrg,https://tess.mit.edu/public/tesstransients/images/sector14/lc_2019mrg_cleaned.png
15,SNIa,2019pdx,https://tess.mit.edu/public/tesstransients/images/sector15/lc_2019pdx_cleaned.png
15,SNIa,2019pkz,https://tess.mit.edu/public/tesstransients/images/sector15/lc_2019pkz_cleaned.png
15,SNIa,2019pnw,https://tess.mit.edu/public/tesstransients/images/sector15/lc_2019pnw_cleaned.png
15,SNIa,2019prw,https://tess.mit.edu/public/tesstransients/images/sector15/lc_2019prw_cleaned.png
15,SNIa,2019ptv,https://tess.mit.edu/public/tesstransients/images/sector15/lc_2019ptv_cleaned.png
15,SNIa,2019ozu,https://tess.mit.edu/public/tesstransients/images/sector15/lc_2019ozu_cleaned.png
15,SNIa,2019nql,https://tess.mit.edu/public/tesstransients/images/sector15/lc_2019nql_cleaned.png
15,SNIa,2019pny,https://tess.mit.edu/public/tesstransients/images/sector15/lc_2019pny_cleaned.png
16,SNIa,2019qwi,https://tess.mit.edu/public/tesstransients/images/sector16/lc_2019qwi_cleaned.png
16,SNIa,2019qmm,https://tess.mit.edu/public/tesstransients/images/sector16/lc_2019qmm_cleaned.png
16,SNIa,2019rqd,https://tess.mit.edu/public/tesstransients/images/sector16/lc_2019rqd_cleaned.png
16,SNIa,2019rrc,https://tess.mit.edu/public/tesstransients/images/sector16/lc_2019rrc_cleaned.png
16,SNIa,2019qsc,https://tess.mit.edu/public/tesstransients/images/sector16/lc_2019qsc_cleaned.png
17,SNIa-91T-like,2019tju,https://tess.mit.edu/public/tesstransients/images/sector17/lc_2019tju_cleaned.png
17,SNIa,2019sqj,https://tess.mit.edu/public/tesstransients/images/sector17/lc_2019sqj_cleaned.png
17,SNIa,2019sql,https://tess.mit.edu/public/tesstransients/images/sector17/lc_2019sql_cleaned.png
17,SNIa,2019soh,https://tess.mit.edu/public/tesstransients/images/sector17/lc_2019soh_cleaned.png
17,SNIa,2019ugv,https://tess.mit.edu/public/tesstransients/images/sector17/lc_2019ugv_cleaned.png
17,SNIa,2019tst,https://tess.mit.edu/public/tesstransients/images/sector17/lc_2019tst_cleaned.png
17,SNIa,2019tka,https://tess.mit.edu/public/tesstransients/images/sector17/lc_2019tka_cleaned.png
17,SNIa,2019tfa,https://tess.mit.edu/public/tesstransients/images/sector17/lc_2019tfa_cleaned.png
17,SNIa,2019syl,https://tess.mit.edu/public/tesstransients/images/sector17/lc_2019syl_cleaned.png
17,SNIa,2019smf,https://tess.mit.edu/public/tesstransients/images/sector17/lc_2019smf_cleaned.png
17,SNIa,2019sqk,https://tess.mit.edu/public/tesstransients/images/sector17/lc_2019sqk_cleaned.png
17,SNIa,2019tjz,https://tess.mit.edu/public/tesstransients/images/sector17/lc_2019tjz_cleaned.png
18,SNIa,2019ulr,https://tess.mit.edu/public/tesstransients/images/sector18/lc_2019ulr_cleaned.png
18,SNIa,2019ulw,https://tess.mit.edu/public/tesstransients/images/sector18/lc_2019ulw_cleaned.png
18,SNIa,2019ubs,https://tess.mit.edu/public/tesstransients/images/sector18/lc_2019ubs_cleaned.png
18,SNIa,2019uen,https://tess.mit.edu/public/tesstransients/images/sector18/lc_2019uen_cleaned.png
18,SNIa,2019uwp,https://tess.mit.edu/public/tesstransients/images/sector18/lc_2019uwp_cleaned.png
18,SNIa-91T-like,2019ugr,https://tess.mit.edu/public/tesstransients/images/sector18/lc_2019ugr_cleaned.png
19,SNIa,2019wla,https://tess.mit.edu/public/tesstransients/images/sector19/lc_2019wla_cleaned.png
19,SNIa,2019xhk,https://tess.mit.edu/public/tesstransients/images/sector19/lc_2019xhk_cleaned.png
19,SNIa,2019wjl,https://tess.mit.edu/public/tesstransients/images/sector19/lc_2019wjl_cleaned.png
19,SNIa,2019wle,https://tess.mit.edu/public/tesstransients/images/sector19/lc_2019wle_cleaned.png
20,SNIa,2020un,https://tess.mit.edu/public/tesstransients/images/sector20/lc_2020un_cleaned.png
20,SNIa,2020to,https://tess.mit.edu/public/tesstransients/images/sector20/lc_2020to_cleaned.png
20,SNIa,2020wd,https://tess.mit.edu/public/tesstransients/images/sector20/lc_2020wd_cleaned.png
20,SNIa,2020tn,https://tess.mit.edu/public/tesstransients/images/sector20/lc_2020tn_cleaned.png
20,SNIa,2020zk,https://tess.mit.edu/public/tesstransients/images/sector20/lc_2020zk_cleaned.png
20,SNIa,2020ht,https://tess.mit.edu/public/tesstransients/images/sector20/lc_2020ht_cleaned.png
20,SNIa,2020uo,https://tess.mit.edu/public/tesstransients/images/sector20/lc_2020uo_cleaned.png
20,SNIa,2020zr,https://tess.mit.edu/public/tesstransients/images/sector20/lc_2020zr_cleaned.png
20,SNIa,2020cc,https://tess.mit.edu/public/tesstransients/images/sector20/lc_2020cc_cleaned.png
20,SNIa,2019yft,https://tess.mit.edu/public/tesstransients/images/sector20/lc_2019yft_cleaned.png
20,SNIa,2020apm,https://tess.mit.edu/public/tesstransients/images/sector20/lc_2020apm_cleaned.png
20,SNIa,2020adw,https://tess.mit.edu/public/tesstransients/images/sector20/lc_2020adw_cleaned.png
20,SNIa,2020kt,https://tess.mit.edu/public/tesstransients/images/sector20/lc_2020kt_cleaned.png
20,SNIa,2020ut,https://tess.mit.edu/public/tesstransients/images/sector20/lc_2020ut_cleaned.png
20,SNIa,2020aek,https://tess.mit.edu/public/tesstransients/images/sector20/lc_2020aek_cleaned.png
20,SNIa,2020aan,https://tess.mit.edu/public/tesstransients/images/sector20/lc_2020aan_cleaned.png
20,SNIa,2020bj,https://tess.mit.edu/public/tesstransients/images/sector20/lc_2020bj_cleaned.png
20,SNIa,2020kq,https://tess.mit.edu/public/tesstransients/images/sector20/lc_2020kq_cleaned.png
21,SNIa,2020bua,https://tess.mit.edu/public/tesstransients/images/sector21/lc_2020bua_cleaned.png
21,SNIa-91T-like,2020akf,https://tess.mit.edu/public/tesstransients/images/sector21/lc_2020akf_cleaned.png
21,SNIa,2020azn,https://tess.mit.edu/public/tesstransients/images/sector21/lc_2020azn_cleaned.png
21,SNIa,2020chi,https://tess.mit.edu/public/tesstransients/images/sector21/lc_2020chi_cleaned.png
21,SNIa-91T-like,2020bza,https://tess.mit.edu/public/tesstransients/images/sector21/lc_2020bza_cleaned.png
21,SNIa-91T-like,2020bjj,https://tess.mit.edu/public/tesstransients/images/sector21/lc_2020bjj_cleaned.png
21,SNIa,2020axk,https://tess.mit.edu/public/tesstransients/images/sector21/lc_2020axk_cleaned.png
21,SNIa,2020amx,https://tess.mit.edu/public/tesstransients/images/sector21/lc_2020amx_cleaned.png
21,SNIa,2020bzv,https://tess.mit.edu/public/tesstransients/images/sector21/lc_2020bzv_cleaned.png
21,SNIa,2020cdi,https://tess.mit.edu/public/tesstransients/images/sector21/lc_2020cdi_cleaned.png
21,SNIa,2020aoi,https://tess.mit.edu/public/tesstransients/images/sector21/lc_2020aoi_cleaned.png
21,SNIa,2020bpi,https://tess.mit.edu/public/tesstransients/images/sector21/lc_2020bpi_cleaned.png
21,SNIa,2020awr,https://tess.mit.edu/public/tesstransients/images/sector21/lc_2020awr_cleaned.png
21,SNIa,2020buv,https://tess.mit.edu/public/tesstransients/images/sector21/lc_2020buv_cleaned.png
21,SNIa-91T-like,2020bun,https://tess.mit.edu/public/tesstransients/images/sector21/lc_2020bun_cleaned.png
21,SNIa,2020bzd,https://tess.mit.edu/public/tesstransients/images/sector21/lc_2020bzd_cleaned.png
21,SNIa,2020csx,https://tess.mit.edu/public/tesstransients/images/sector21/lc_2020csx_cleaned.png
21,SNIa,2020cdj,https://tess.mit.edu/public/tesstransients/images/sector21/lc_2020cdj_cleaned.png
21,SNIa,2020cxe,https://tess.mit.edu/public/tesstransients/images/sector21/lc_2020cxe_cleaned.png
22,SNIa,2020dkz,https://tess.mit.edu/public/tesstransients/images/sector22/lc_2020dkz_cleaned.png
22,SNIa,2020eee,https://tess.mit.edu/public/tesstransients/images/sector22/lc_2020eee_cleaned.png
22,SNIa,2020efe,https://tess.mit.edu/public/tesstransients/images/sector22/lc_2020efe_cleaned.png
22,SNIa,2020dii,https://tess.mit.edu/public/tesstransients/images/sector22/lc_2020dii_cleaned.png
22,SNIa,2020dxr,https://tess.mit.edu/public/tesstransients/images/sector22/lc_2020dxr_cleaned.png
22,SNIa,2020dgc,https://tess.mit.edu/public/tesstransients/images/sector22/lc_2020dgc_cleaned.png
22,SNIa,2020dsn,https://tess.mit.edu/public/tesstransients/images/sector22/lc_2020dsn_cleaned.png
23,SNIa,2020hfk,https://tess.mit.edu/public/tesstransients/images/sector23/lc_2020hfk_cleaned.png
23,SNIa,2020eyf,https://tess.mit.edu/public/tesstransients/images/sector23/lc_2020eyf_cleaned.png
23,SNIa,2020ftl,https://tess.mit.edu/public/tesstransients/images/sector23/lc_2020ftl_cleaned.png
23,SNIa,2020flg,https://tess.mit.edu/public/tesstransients/images/sector23/lc_2020flg_cleaned.png
23,SNIa,2020hhh,https://tess.mit.edu/public/tesstransients/images/sector23/lc_2020hhh_cleaned.png
23,SNIa,2020fcw,https://tess.mit.edu/public/tesstransients/images/sector23/lc_2020fcw_cleaned.png
23,SNIa,2020hph,https://tess.mit.edu/public/tesstransients/images/sector23/lc_2020hph_cleaned.png
23,SNIa,2020hdw,https://tess.mit.edu/public/tesstransients/images/sector23/lc_2020hdw_cleaned.png
23,SNIa,2020fqi,https://tess.mit.edu/public/tesstransients/images/sector23/lc_2020fqi_cleaned.png
23,SNIa,2020hwt,https://tess.mit.edu/public/tesstransients/images/sector23/lc_2020hwt_cleaned.png
24,SNIa,2020jmg,https://tess.mit.edu/public/tesstransients/images/sector24/lc_2020jmg_cleaned.png
24,SNIa,2020hll,https://tess.mit.edu/public/tesstransients/images/sector24/lc_2020hll_cleaned.png
24,SNIa-91T-like,2020itn,https://tess.mit.edu/public/tesstransients/images/sector24/lc_2020itn_cleaned.png
24,SNIa,2020ixo,https://tess.mit.edu/public/tesstransients/images/sector24/lc_2020ixo_cleaned.png
24,SNIa,2020jex,https://tess.mit.edu/public/tesstransients/images/sector24/lc_2020jex_cleaned.png
24,SNIa,2020jjf,https://tess.mit.edu/public/tesstransients/images/sector24/lc_2020jjf_cleaned.png
24,SNIa,2020jtc,https://tess.mit.edu/public/tesstransients/images/sector24/lc_2020jtc_cleaned.png
24,SNIa,2020juq,https://tess.mit.edu/public/tesstransients/images/sector24/lc_2020juq_cleaned.png
24,SNIa,2020ihe,https://tess.mit.edu/public/tesstransients/images/sector24/lc_2020ihe_cleaned.png
24,SNIa,2020jgd,https://tess.mit.edu/public/tesstransients/images/sector24/lc_2020jgd_cleaned.png
24,SNIa,2020hvq,https://tess.mit.edu/public/tesstransients/images/sector24/lc_2020hvq_cleaned.png
24,SNIa,2020ibs,https://tess.mit.edu/public/tesstransients/images/sector24/lc_2020ibs_cleaned.png
24,SNIa,2020jjk,https://tess.mit.edu/public/tesstransients/images/sector24/lc_2020jjk_cleaned.png
24,SNIa,2020kbw,https://tess.mit.edu/public/tesstransients/images/sector24/lc_2020kbw_cleaned.png
24,SNIa,2020hyh,https://tess.mit.edu/public/tesstransients/images/sector24/lc_2020hyh_cleaned.png
24,SNIa,2020ihc,https://tess.mit.edu/public/tesstransients/images/sector24/lc_2020ihc_cleaned.png
24,SNIa,2020jjh,https://tess.mit.edu/public/tesstransients/images/sector24/lc_2020jjh_cleaned.png
24,SNIa,2020jtg,https://tess.mit.edu/public/tesstransients/images/sector24/lc_2020jtg_cleaned.png
24,SNIa,2020izx,https://tess.mit.edu/public/tesstransients/images/sector24/lc_2020izx_cleaned.png
24,SNIa,2020jdo,https://tess.mit.edu/public/tesstransients/images/sector24/lc_2020jdo_cleaned.png
25,SNIa,2020kbq,https://tess.mit.edu/public/tesstransients/images/sector25/lc_2020kbq_cleaned.png
25,SNIa,2020kte,https://tess.mit.edu/public/tesstransients/images/sector25/lc_2020kte_cleaned.png
25,SNIa,2020mes,https://tess.mit.edu/public/tesstransients/images/sector25/lc_2020mes_cleaned.png
25,SNIa,2020ksl,https://tess.mit.edu/public/tesstransients/images/sector25/lc_2020ksl_cleaned.png
25,SNIa,2020kbl,https://tess.mit.edu/public/tesstransients/images/sector25/lc_2020kbl_cleaned.png
25,SNIa,2020kyx,https://tess.mit.edu/public/tesstransients/images/sector25/lc_2020kyx_cleaned.png
25,SNIa,2020lrd,https://tess.mit.edu/public/tesstransients/images/sector25/lc_2020lrd_cleaned.png
25,SNIa,2020lgh,https://tess.mit.edu/public/tesstransients/images/sector25/lc_2020lgh_cleaned.png
25,SNIa,2020mby,https://tess.mit.edu/public/tesstransients/images/sector25/lc_2020mby_cleaned.png
25,SNIa,2020lsj,https://tess.mit.edu/public/tesstransients/images/sector25/lc_2020lsj_cleaned.png
25,SNIa,2020kdb,https://tess.mit.edu/public/tesstransients/images/sector25/lc_2020kdb_cleaned.png
25,SNIa,2020kzp,https://tess.mit.edu/public/tesstransients/images/sector25/lc_2020kzp_cleaned.png
25,SNIa,2020lgk,https://tess.mit.edu/public/tesstransients/images/sector25/lc_2020lgk_cleaned.png
25,SNIa,2020maw,https://tess.mit.edu/public/tesstransients/images/sector25/lc_2020maw_cleaned.png
25,SNIa,2020lbo,https://tess.mit.edu/public/tesstransients/images/sector25/lc_2020lbo_cleaned.png
25,SNIa,2020lit,https://tess.mit.edu/public/tesstransients/images/sector25/lc_2020lit_cleaned.png
25,SNIa,2020jxq,https://tess.mit.edu/public/tesstransients/images/sector25/lc_2020jxq_cleaned.png
25,SNIa,2020lmg,https://tess.mit.edu/public/tesstransients/images/sector25/lc_2020lmg_cleaned.png
25,SNIa,2020lek,https://tess.mit.edu/public/tesstransients/images/sector25/lc_2020lek_cleaned.png
25,SNIa,2020lql,https://tess.mit.edu/public/tesstransients/images/sector25/lc_2020lql_cleaned.png
26,SNIa,2020mga,https://tess.mit.edu/public/tesstransients/images/sector26/lc_2020mga_cleaned.png
26,SNIa,2020nin,https://tess.mit.edu/public/tesstransients/images/sector26/lc_2020nin_cleaned.png
26,SNIa,2020ocw,https://tess.mit.edu/public/tesstransients/images/sector26/lc_2020ocw_cleaned.png
26,SNIa,2020npk,https://tess.mit.edu/public/tesstransients/images/sector26/lc_2020npk_cleaned.png
26,SNIa,2020npt,https://tess.mit.edu/public/tesstransients/images/sector26/lc_2020npt_cleaned.png
26,SNIa,2020mpu,https://tess.mit.edu/public/tesstransients/images/sector26/lc_2020mpu_cleaned.png
26,SNIa-91bg-lik,e 2020mfd,https://tess.mit.edu/public/tesstransients/images/sector26/lc_e 2020mfd_cleaned.png
26,SNIa,2020nxh,https://tess.mit.edu/public/tesstransients/images/sector26/lc_2020nxh_cleaned.png
26,SNIa,2020mfh,https://tess.mit.edu/public/tesstransients/images/sector26/lc_2020mfh_cleaned.png
26,SNIa,2020muw,https://tess.mit.edu/public/tesstransients/images/sector26/lc_2020muw_cleaned.png
27,SNIa,2020qdi,https://tess.mit.edu/public/tesstransients/images/sector27/lc_2020qdi_cleaned.png
29,SNIa,2020tjo,https://tess.mit.edu/public/tesstransients/images/sector29/lc_2020tjo_cleaned.png
29,SNIa,2020suj,https://tess.mit.edu/public/tesstransients/images/sector29/lc_2020suj_cleaned.png
29,SNIa,2020tap,https://tess.mit.edu/public/tesstransients/images/sector29/lc_2020tap_cleaned.png
29,SNIa,2020tld,https://tess.mit.edu/public/tesstransients/images/sector29/lc_2020tld_cleaned.png
29,SNIa,2020swy,https://tess.mit.edu/public/tesstransients/images/sector29/lc_2020swy_cleaned.png
30,SNIa,2020uvg,https://tess.mit.edu/public/tesstransients/images/sector30/lc_2020uvg_cleaned.png
30,SNIa,2020vbs,https://tess.mit.edu/public/tesstransients/images/sector30/lc_2020vbs_cleaned.png
30,SNIa,2020wap,https://tess.mit.edu/public/tesstransients/images/sector30/lc_2020wap_cleaned.png
30,SNIa,2020wux,https://tess.mit.edu/public/tesstransients/images/sector30/lc_2020wux_cleaned.png
30,SNIa,2020vfa,https://tess.mit.edu/public/tesstransients/images/sector30/lc_2020vfa_cleaned.png
30,SNIa,2020uzh,https://tess.mit.edu/public/tesstransients/images/sector30/lc_2020uzh_cleaned.png
30,SNIa,2020xoc,https://tess.mit.edu/public/tesstransients/images/sector30/lc_2020xoc_cleaned.png
30,SNIa,2020vem,https://tess.mit.edu/public/tesstransients/images/sector30/lc_2020vem_cleaned.png
30,SNIa,2020xsl,https://tess.mit.edu/public/tesstransients/images/sector30/lc_2020xsl_cleaned.png
30,SNIa,2020tzb,https://tess.mit.edu/public/tesstransients/images/sector30/lc_2020tzb_cleaned.png
30,SNIa,2020xit,https://tess.mit.edu/public/tesstransients/images/sector30/lc_2020xit_cleaned.png
30,SNIa,2020wuw,https://tess.mit.edu/public/tesstransients/images/sector30/lc_2020wuw_cleaned.png
30,SNIa,2020ypm,https://tess.mit.edu/public/tesstransients/images/sector30/lc_2020ypm_cleaned.png
30,SNIa,2020xpk,https://tess.mit.edu/public/tesstransients/images/sector30/lc_2020xpk_cleaned.png
31,SNIa,2020yef,https://tess.mit.edu/public/tesstransients/images/sector31/lc_2020yef_cleaned.png
31,SNIa,2020ymv,https://tess.mit.edu/public/tesstransients/images/sector31/lc_2020ymv_cleaned.png
31,SNIa-91T-like,2020yst,https://tess.mit.edu/public/tesstransients/images/sector31/lc_2020yst_cleaned.png
31,SNIa,2020aajf,https://tess.mit.edu/public/tesstransients/images/sector31/lc_2020aajf_cleaned.png
31,SNIa,2020yzv,https://tess.mit.edu/public/tesstransients/images/sector31/lc_2020yzv_cleaned.png
31,SNIa-91T-like,2020zjf,https://tess.mit.edu/public/tesstransients/images/sector31/lc_2020zjf_cleaned.png
31,SNIa,2020yzw,https://tess.mit.edu/public/tesstransients/images/sector31/lc_2020yzw_cleaned.png
31,SNIa,2020zpi,https://tess.mit.edu/public/tesstransients/images/sector31/lc_2020zpi_cleaned.png
31,SNIa,2020zbg,https://tess.mit.edu/public/tesstransients/images/sector31/lc_2020zbg_cleaned.png
31,SNIa,2020zbo,https://tess.mit.edu/public/tesstransients/images/sector31/lc_2020zbo_cleaned.png
31,SNIa,2020aavd,https://tess.mit.edu/public/tesstransients/images/sector31/lc_2020aavd_cleaned.png
31,SNIa,2020zqo,https://tess.mit.edu/public/tesstransients/images/sector31/lc_2020zqo_cleaned.png
31,SNIa,2020yhg,https://tess.mit.edu/public/tesstransients/images/sector31/lc_2020yhg_cleaned.png
31,SNIa,2020zbr,https://tess.mit.edu/public/tesstransients/images/sector31/lc_2020zbr_cleaned.png
31,SNIa,2020yxl,https://tess.mit.edu/public/tesstransients/images/sector31/lc_2020yxl_cleaned.png
31,SNIa,2020xyw,https://tess.mit.edu/public/tesstransients/images/sector31/lc_2020xyw_cleaned.png
31,SNIa,2020ygv,https://tess.mit.edu/public/tesstransients/images/sector31/lc_2020ygv_cleaned.png
32,SNIa,2020acaj,https://tess.mit.edu/public/tesstransients/images/sector32/lc_2020acaj_cleaned.png
32,SNIa,2020abdk,https://tess.mit.edu/public/tesstransients/images/sector32/lc_2020abdk_cleaned.png
32,SNIa,2020aauh,https://tess.mit.edu/public/tesstransients/images/sector32/lc_2020aauh_cleaned.png
32,SNIa,2020acbc,https://tess.mit.edu/public/tesstransients/images/sector32/lc_2020acbc_cleaned.png
32,SNIa-91T-like,2020acxg,https://tess.mit.edu/public/tesstransients/images/sector32/lc_2020acxg_cleaned.png
32,SNIa,2020abrp,https://tess.mit.edu/public/tesstransients/images/sector32/lc_2020abrp_cleaned.png
32,SNIa,2020abqy,https://tess.mit.edu/public/tesstransients/images/sector32/lc_2020abqy_cleaned.png
32,SNIa,2020acrz,https://tess.mit.edu/public/tesstransients/images/sector32/lc_2020acrz_cleaned.png
32,SNIa,2020aarw,https://tess.mit.edu/public/tesstransients/images/sector32/lc_2020aarw_cleaned.png
32,SNIa,2020abjl,https://tess.mit.edu/public/tesstransients/images/sector32/lc_2020abjl_cleaned.png
32,SNIa,2020adgj,https://tess.mit.edu/public/tesstransients/images/sector32/lc_2020adgj_cleaned.png
32,SNIa,2020abqu,https://tess.mit.edu/public/tesstransients/images/sector32/lc_2020abqu_cleaned.png
32,SNIa,2020abcr,https://tess.mit.edu/public/tesstransients/images/sector32/lc_2020abcr_cleaned.png
32,SNIa,2020acaa,https://tess.mit.edu/public/tesstransients/images/sector32/lc_2020acaa_cleaned.png
33,SNIa,2020aesr,https://tess.mit.edu/public/tesstransients/images/sector33/lc_2020aesr_cleaned.png
33,SNIa-91T-like,2020adgf,https://tess.mit.edu/public/tesstransients/images/sector33/lc_2020adgf_cleaned.png
34,SNIa,2021bsp,https://tess.mit.edu/public/tesstransients/images/sector34/lc_2021bsp_cleaned.png
34,SNIa,2021bzm,https://tess.mit.edu/public/tesstransients/images/sector34/lc_2021bzm_cleaned.png
34,SNIa,2021aub,https://tess.mit.edu/public/tesstransients/images/sector34/lc_2021aub_cleaned.png
34,SNIa,2021bpo,https://tess.mit.edu/public/tesstransients/images/sector34/lc_2021bpo_cleaned.png
34,SNIa,2021asu,https://tess.mit.edu/public/tesstransients/images/sector34/lc_2021asu_cleaned.png
34,SNIa,2021bnd,https://tess.mit.edu/public/tesstransients/images/sector34/lc_2021bnd_cleaned.png
34,SNIa,2021bpn,https://tess.mit.edu/public/tesstransients/images/sector34/lc_2021bpn_cleaned.png
34,SNIa-91T-like,2021bnf,https://tess.mit.edu/public/tesstransients/images/sector34/lc_2021bnf_cleaned.png
34,SNIa,2021bix,https://tess.mit.edu/public/tesstransients/images/sector34/lc_2021bix_cleaned.png
34,SNIa,2021caf,https://tess.mit.edu/public/tesstransients/images/sector34/lc_2021caf_cleaned.png
35,SNIa-91T-like,2021dsb,https://tess.mit.edu/public/tesstransients/images/sector35/lc_2021dsb_cleaned.png
35,SNIa,2021dqa,https://tess.mit.edu/public/tesstransients/images/sector35/lc_2021dqa_cleaned.png
35,SNIa,2021egg,https://tess.mit.edu/public/tesstransients/images/sector35/lc_2021egg_cleaned.png
35,SNIa,2021epv,https://tess.mit.edu/public/tesstransients/images/sector35/lc_2021epv_cleaned.png
35,SNIa,2021dic,https://tess.mit.edu/public/tesstransients/images/sector35/lc_2021dic_cleaned.png
35,SNIa,2021eng,https://tess.mit.edu/public/tesstransients/images/sector35/lc_2021eng_cleaned.png
35,SNIa,2021dev,https://tess.mit.edu/public/tesstransients/images/sector35/lc_2021dev_cleaned.png
36,SNIa,2021gkb,https://tess.mit.edu/public/tesstransients/images/sector36/lc_2021gkb_cleaned.png
36,SNIa,2021ftu,https://tess.mit.edu/public/tesstransients/images/sector36/lc_2021ftu_cleaned.png
36,SNIa,2021hup,https://tess.mit.edu/public/tesstransients/images/sector36/lc_2021hup_cleaned.png
36,SNIa,2021hsg,https://tess.mit.edu/public/tesstransients/images/sector36/lc_2021hsg_cleaned.png
36,SNIa,2021gwn,https://tess.mit.edu/public/tesstransients/images/sector36/lc_2021gwn_cleaned.png
36,SNIa,2021hfq,https://tess.mit.edu/public/tesstransients/images/sector36/lc_2021hfq_cleaned.png
37,SNIa,2021hvo,https://tess.mit.edu/public/tesstransients/images/sector37/lc_2021hvo_cleaned.png
37,SNIa-91bg-lik,e 2021jbp,https://tess.mit.edu/public/tesstransients/images/sector37/lc_e 2021jbp_cleaned.png
37,SNIa,2021iff,https://tess.mit.edu/public/tesstransients/images/sector37/lc_2021iff_cleaned.png
40,SNIa,2021rax,https://tess.mit.edu/public/tesstransients/images/sector40/lc_2021rax_cleaned.png
40,SNIa,2021soe,https://tess.mit.edu/public/tesstransients/images/sector40/lc_2021soe_cleaned.png
40,SNIa,2021ssv,https://tess.mit.edu/public/tesstransients/images/sector40/lc_2021ssv_cleaned.png
40,SNIa,2021rgm,https://tess.mit.edu/public/tesstransients/images/sector40/lc_2021rgm_cleaned.png
40,SNIa-pec,2021scb,https://tess.mit.edu/public/tesstransients/images/sector40/lc_2021scb_cleaned.png
40,SNIa,2021sxf,https://tess.mit.edu/public/tesstransients/images/sector40/lc_2021sxf_cleaned.png
40,SNIa,2021ubo,https://tess.mit.edu/public/tesstransients/images/sector40/lc_2021ubo_cleaned.png
40,SNIa,2021sis,https://tess.mit.edu/public/tesstransients/images/sector40/lc_2021sis_cleaned.png
40,SNIa,2021ses,https://tess.mit.edu/public/tesstransients/images/sector40/lc_2021ses_cleaned.png
40,SNIa,2021rde,https://tess.mit.edu/public/tesstransients/images/sector40/lc_2021rde_cleaned.png
40,SNIa,2021sfh,https://tess.mit.edu/public/tesstransients/images/sector40/lc_2021sfh_cleaned.png
41,SNIa,2021udg,https://tess.mit.edu/public/tesstransients/images/sector41/lc_2021udg_cleaned.png
41,SNIa,2021vib,https://tess.mit.edu/public/tesstransients/images/sector41/lc_2021vib_cleaned.png
41,SNIa,2021udt,https://tess.mit.edu/public/tesstransients/images/sector41/lc_2021udt_cleaned.png
41,SNIa,2021ucq,https://tess.mit.edu/public/tesstransients/images/sector41/lc_2021ucq_cleaned.png
41,SNIa,2021udu,https://tess.mit.edu/public/tesstransients/images/sector41/lc_2021udu_cleaned.png
41,SNIa,2021uef,https://tess.mit.edu/public/tesstransients/images/sector41/lc_2021uef_cleaned.png
41,SNIa,2021uhz,https://tess.mit.edu/public/tesstransients/images/sector41/lc_2021uhz_cleaned.png
41,SNIa,2021udo,https://tess.mit.edu/public/tesstransients/images/sector41/lc_2021udo_cleaned.png
42,SNIa,2021wzo,https://tess.mit.edu/public/tesstransients/images/sector42/lc_2021wzo_cleaned.png
42,SNIa,2021xes,https://tess.mit.edu/public/tesstransients/images/sector42/lc_2021xes_cleaned.png
42,SNIa,2021xte,https://tess.mit.edu/public/tesstransients/images/sector42/lc_2021xte_cleaned.png
42,SNIa,2021xuj,https://tess.mit.edu/public/tesstransients/images/sector42/lc_2021xuj_cleaned.png
42,SNIa,2021xzl,https://tess.mit.edu/public/tesstransients/images/sector42/lc_2021xzl_cleaned.png
42,SNIa,2021xan,https://tess.mit.edu/public/tesstransients/images/sector42/lc_2021xan_cleaned.png
42,SNIa,2021ybw,https://tess.mit.edu/public/tesstransients/images/sector42/lc_2021ybw_cleaned.png
42,SNIa,2021ycy,https://tess.mit.edu/public/tesstransients/images/sector42/lc_2021ycy_cleaned.png
42,SNIa,2021yly,https://tess.mit.edu/public/tesstransients/images/sector42/lc_2021yly_cleaned.png
42,SNIa,2021ydb,https://tess.mit.edu/public/tesstransients/images/sector42/lc_2021ydb_cleaned.png
42,SNIa,2021xbb,https://tess.mit.edu/public/tesstransients/images/sector42/lc_2021xbb_cleaned.png
42,SNIa,2021xxz,https://tess.mit.edu/public/tesstransients/images/sector42/lc_2021xxz_cleaned.png
42,SNIa,2021yyc,https://tess.mit.edu/public/tesstransients/images/sector42/lc_2021yyc_cleaned.png
42,SNIa,2021yik,https://tess.mit.edu/public/tesstransients/images/sector42/lc_2021yik_cleaned.png
42,SNIa,2021yyu,https://tess.mit.edu/public/tesstransients/images/sector42/lc_2021yyu_cleaned.png
42,SNIa,2021xhj,https://tess.mit.edu/public/tesstransients/images/sector42/lc_2021xhj_cleaned.png
42,SNIa,2021ysn,https://tess.mit.edu/public/tesstransients/images/sector42/lc_2021ysn_cleaned.png
42,SNIa,2021xvg,https://tess.mit.edu/public/tesstransients/images/sector42/lc_2021xvg_cleaned.png
42,SNIa,2021wyw,https://tess.mit.edu/public/tesstransients/images/sector42/lc_2021wyw_cleaned.png
42,SNIa,2021xbm,https://tess.mit.edu/public/tesstransients/images/sector42/lc_2021xbm_cleaned.png
42,SNIa,2021xxn,https://tess.mit.edu/public/tesstransients/images/sector42/lc_2021xxn_cleaned.png
42,SNIa,2021xzf,https://tess.mit.edu/public/tesstransients/images/sector42/lc_2021xzf_cleaned.png
42,SNIa,2021ybj,https://tess.mit.edu/public/tesstransients/images/sector42/lc_2021ybj_cleaned.png
42,SNIa,2021wue,https://tess.mit.edu/public/tesstransients/images/sector42/lc_2021wue_cleaned.png
42,SNIa,2021yab,https://tess.mit.edu/public/tesstransients/images/sector42/lc_2021yab_cleaned.png
42,SNIa,2021xmj,https://tess.mit.edu/public/tesstransients/images/sector42/lc_2021xmj_cleaned.png
42,SNIa,2021wus,https://tess.mit.edu/public/tesstransients/images/sector42/lc_2021wus_cleaned.png
42,SNIa,2021xjl,https://tess.mit.edu/public/tesstransients/images/sector42/lc_2021xjl_cleaned.png
42,SNIa,2021yaj,https://tess.mit.edu/public/tesstransients/images/sector42/lc_2021yaj_cleaned.png
42,SNIa,2021xoh,https://tess.mit.edu/public/tesstransients/images/sector42/lc_2021xoh_cleaned.png
42,SNIa,2021xoi,https://tess.mit.edu/public/tesstransients/images/sector42/lc_2021xoi_cleaned.png
43,SNIa-91T-like,2021abbl,https://tess.mit.edu/public/tesstransients/images/sector43/lc_2021abbl_cleaned.png
43,SNIa,2021aanc,https://tess.mit.edu/public/tesstransients/images/sector43/lc_2021aanc_cleaned.png
43,SNIa,2021aafd,https://tess.mit.edu/public/tesstransients/images/sector43/lc_2021aafd_cleaned.png
43,SNIa-91T-like,2021aazx,https://tess.mit.edu/public/tesstransients/images/sector43/lc_2021aazx_cleaned.png
43,SNIa,2021zoj,https://tess.mit.edu/public/tesstransients/images/sector43/lc_2021zoj_cleaned.png
43,SNIa,2021abgd,https://tess.mit.edu/public/tesstransients/images/sector43/lc_2021abgd_cleaned.png
43,SNIa-91bg-lik,e 2021zqs,https://tess.mit.edu/public/tesstransients/images/sector43/lc_e 2021zqs_cleaned.png
43,SNIa-SC,2021zny,https://tess.mit.edu/public/tesstransients/images/sector43/lc_2021zny_cleaned.png
43,SNIa,2021zcv,https://tess.mit.edu/public/tesstransients/images/sector43/lc_2021zcv_cleaned.png
44,SNIa-91T-like,2021adad,https://tess.mit.edu/public/tesstransients/images/sector44/lc_2021adad_cleaned.png
44,SNIa,2021abzn,https://tess.mit.edu/public/tesstransients/images/sector44/lc_2021abzn_cleaned.png
44,SNIa,2021acnn,https://tess.mit.edu/public/tesstransients/images/sector44/lc_2021acnn_cleaned.png
44,SNIa,2021abht,https://tess.mit.edu/public/tesstransients/images/sector44/lc_2021abht_cleaned.png
44,SNIa,2021adsn,https://tess.mit.edu/public/tesstransients/images/sector44/lc_2021adsn_cleaned.png
44,SNIa,2021adah,https://tess.mit.edu/public/tesstransients/images/sector44/lc_2021adah_cleaned.png
44,SNIa,2021aboy,https://tess.mit.edu/public/tesstransients/images/sector44/lc_2021aboy_cleaned.png
44,SNIa,2021abzi,https://tess.mit.edu/public/tesstransients/images/sector44/lc_2021abzi_cleaned.png
44,SNIa,2021acvk,https://tess.mit.edu/public/tesstransients/images/sector44/lc_2021acvk_cleaned.png
44,SNIa,2021adsh,https://tess.mit.edu/public/tesstransients/images/sector44/lc_2021adsh_cleaned.png
45,SNIa,2021aesq,https://tess.mit.edu/public/tesstransients/images/sector45/lc_2021aesq_cleaned.png
45,SNIa,2021aebn,https://tess.mit.edu/public/tesstransients/images/sector45/lc_2021aebn_cleaned.png
45,SNIa-91T-like,2021aevw,https://tess.mit.edu/public/tesstransients/images/sector45/lc_2021aevw_cleaned.png
45,SNIa,2021adrh,https://tess.mit.edu/public/tesstransients/images/sector45/lc_2021adrh_cleaned.png
45,SNIa,2021adva,https://tess.mit.edu/public/tesstransients/images/sector45/lc_2021adva_cleaned.png
45,SNIa,2021aemm,https://tess.mit.edu/public/tesstransients/images/sector45/lc_2021aemm_cleaned.png
46,SNIa-91bg-lik,e 2021afur,https://tess.mit.edu/public/tesstransients/images/sector46/lc_e 2021afur_cleaned.png
46,SNIa,2021agrt,https://tess.mit.edu/public/tesstransients/images/sector46/lc_2021agrt_cleaned.png
46,SNIa,2021aggu,https://tess.mit.edu/public/tesstransients/images/sector46/lc_2021aggu_cleaned.png
46,SNIa,2021agfp,https://tess.mit.edu/public/tesstransients/images/sector46/lc_2021agfp_cleaned.png
46,SNIa,2021agps,https://tess.mit.edu/public/tesstransients/images/sector46/lc_2021agps_cleaned.png
46,SNIa,2021afzz,https://tess.mit.edu/public/tesstransients/images/sector46/lc_2021afzz_cleaned.png
46,SNIa,2021agqe,https://tess.mit.edu/public/tesstransients/images/sector46/lc_2021agqe_cleaned.png
47,SNIa,2022il,https://tess.mit.edu/public/tesstransients/images/sector47/lc_2022il_cleaned.png
47,SNIa-91T-like,2022im,https://tess.mit.edu/public/tesstransients/images/sector47/lc_2022im_cleaned.png
47,SNIa,2022afw,https://tess.mit.edu/public/tesstransients/images/sector47/lc_2022afw_cleaned.png
47,SNIa,2022afx,https://tess.mit.edu/public/tesstransients/images/sector47/lc_2022afx_cleaned.png
47,SNIa,2022aiw,https://tess.mit.edu/public/tesstransients/images/sector47/lc_2022aiw_cleaned.png
47,SNIa,2022ayg,https://tess.mit.edu/public/tesstransients/images/sector47/lc_2022ayg_cleaned.png
47,SNIa,2022ahj,https://tess.mit.edu/public/tesstransients/images/sector47/lc_2022ahj_cleaned.png
47,SNIa,2022sr,https://tess.mit.edu/public/tesstransients/images/sector47/lc_2022sr_cleaned.png
47,SNIa,2022ajw,https://tess.mit.edu/public/tesstransients/images/sector47/lc_2022ajw_cleaned.png
47,SNIa,2022re,https://tess.mit.edu/public/tesstransients/images/sector47/lc_2022re_cleaned.png
47,SNIa,2022ik,https://tess.mit.edu/public/tesstransients/images/sector47/lc_2022ik_cleaned.png
47,SNIa,2022io,https://tess.mit.edu/public/tesstransients/images/sector47/lc_2022io_cleaned.png
47,SNIa,2022mo,https://tess.mit.edu/public/tesstransients/images/sector47/lc_2022mo_cleaned.png
48,SNIa,2022dbs,https://tess.mit.edu/public/tesstransients/images/sector48/lc_2022dbs_cleaned.png
48,SNIa,2022cxh,https://tess.mit.edu/public/tesstransients/images/sector48/lc_2022cxh_cleaned.png
48,SNIa,2022czi,https://tess.mit.edu/public/tesstransients/images/sector48/lc_2022czi_cleaned.png
48,SNIa-91T-like,2022dcf,https://tess.mit.edu/public/tesstransients/images/sector48/lc_2022dcf_cleaned.png
48,SNIa,2022bii,https://tess.mit.edu/public/tesstransients/images/sector48/lc_2022bii_cleaned.png
48,SNIa,2022blw,https://tess.mit.edu/public/tesstransients/images/sector48/lc_2022blw_cleaned.png
48,SNIa,2022cbh,https://tess.mit.edu/public/tesstransients/images/sector48/lc_2022cbh_cleaned.png
48,SNIa,2022bjn,https://tess.mit.edu/public/tesstransients/images/sector48/lc_2022bjn_cleaned.png
48,SNIa,2022ccz,https://tess.mit.edu/public/tesstransients/images/sector48/lc_2022ccz_cleaned.png
48,SNIa,2022cox,https://tess.mit.edu/public/tesstransients/images/sector48/lc_2022cox_cleaned.png
48,SNIa,2022dma,https://tess.mit.edu/public/tesstransients/images/sector48/lc_2022dma_cleaned.png
48,SNIa,2022dag,https://tess.mit.edu/public/tesstransients/images/sector48/lc_2022dag_cleaned.png
48,SNIa,2022bmc,https://tess.mit.edu/public/tesstransients/images/sector48/lc_2022bmc_cleaned.png
48,SNIa,2022dmc,https://tess.mit.edu/public/tesstransients/images/sector48/lc_2022dmc_cleaned.png
49,SNIa,2022eoa,https://tess.mit.edu/public/tesstransients/images/sector49/lc_2022eoa_cleaned.png
49,SNIa,2022eat,https://tess.mit.edu/public/tesstransients/images/sector49/lc_2022eat_cleaned.png
49,SNIa-91T-like,2022een,https://tess.mit.edu/public/tesstransients/images/sector49/lc_2022een_cleaned.png
49,SNIa,2022eyy,https://tess.mit.edu/public/tesstransients/images/sector49/lc_2022eyy_cleaned.png
49,SNIa,2022doj,https://tess.mit.edu/public/tesstransients/images/sector49/lc_2022doj_cleaned.png
49,SNIa,2022ery,https://tess.mit.edu/public/tesstransients/images/sector49/lc_2022ery_cleaned.png
49,SNIa,2022eaz,https://tess.mit.edu/public/tesstransients/images/sector49/lc_2022eaz_cleaned.png
49,SNIa,2022emj,https://tess.mit.edu/public/tesstransients/images/sector49/lc_2022emj_cleaned.png
49,SNIax[02cx-li,ke] 2022eyw,https://tess.mit.edu/public/tesstransients/images/sector49/lc_ke] 2022eyw_cleaned.png
49,SNIa,2022eaw,https://tess.mit.edu/public/tesstransients/images/sector49/lc_2022eaw_cleaned.png
49,SNIa,2022dme,https://tess.mit.edu/public/tesstransients/images/sector49/lc_2022dme_cleaned.png
49,SNIa,2022exc,https://tess.mit.edu/public/tesstransients/images/sector49/lc_2022exc_cleaned.png
50,SNIa,2022fly,https://tess.mit.edu/public/tesstransients/images/sector50/lc_2022fly_cleaned.png
50,SNIa,2022fud,https://tess.mit.edu/public/tesstransients/images/sector50/lc_2022fud_cleaned.png
50,SNIa,2022hox,https://tess.mit.edu/public/tesstransients/images/sector50/lc_2022hox_cleaned.png
50,SNIa,2022fpz,https://tess.mit.edu/public/tesstransients/images/sector50/lc_2022fpz_cleaned.png
50,SNIa,2022gcf,https://tess.mit.edu/public/tesstransients/images/sector50/lc_2022gcf_cleaned.png
50,SNIa,2022gtw,https://tess.mit.edu/public/tesstransients/images/sector50/lc_2022gtw_cleaned.png
50,SNIa,2022ihd,https://tess.mit.edu/public/tesstransients/images/sector50/lc_2022ihd_cleaned.png
50,SNIa,2022gyi,https://tess.mit.edu/public/tesstransients/images/sector50/lc_2022gyi_cleaned.png
50,SNIa,2022gdg,https://tess.mit.edu/public/tesstransients/images/sector50/lc_2022gdg_cleaned.png
50,SNIa,2022gjt,https://tess.mit.edu/public/tesstransients/images/sector50/lc_2022gjt_cleaned.png
50,SNIa,2022fue,https://tess.mit.edu/public/tesstransients/images/sector50/lc_2022fue_cleaned.png
50,SNIa,2022fjy,https://tess.mit.edu/public/tesstransients/images/sector50/lc_2022fjy_cleaned.png
50,SNIa-91T-like,2022fou,https://tess.mit.edu/public/tesstransients/images/sector50/lc_2022fou_cleaned.png
51,SNIa,2022iqp,https://tess.mit.edu/public/tesstransients/images/sector51/lc_2022iqp_cleaned.png
51,SNIa,2022jnm,https://tess.mit.edu/public/tesstransients/images/sector51/lc_2022jnm_cleaned.png
51,SNIa,2022isb,https://tess.mit.edu/public/tesstransients/images/sector51/lc_2022isb_cleaned.png
51,SNIa-91T-like,2022jdv,https://tess.mit.edu/public/tesstransients/images/sector51/lc_2022jdv_cleaned.png
51,SNIa,2022jii,https://tess.mit.edu/public/tesstransients/images/sector51/lc_2022jii_cleaned.png
51,SNIa,2022jwl,https://tess.mit.edu/public/tesstransients/images/sector51/lc_2022jwl_cleaned.png
51,SNIa,2022jnx,https://tess.mit.edu/public/tesstransients/images/sector51/lc_2022jnx_cleaned.png
51,SNIa,2022jnr,https://tess.mit.edu/public/tesstransients/images/sector51/lc_2022jnr_cleaned.png
51,SNIa-91T-like,2022jso,https://tess.mit.edu/public/tesstransients/images/sector51/lc_2022jso_cleaned.png
51,SNIa,2022jqg,https://tess.mit.edu/public/tesstransients/images/sector51/lc_2022jqg_cleaned.png
51,SNIa,2022jut,https://tess.mit.edu/public/tesstransients/images/sector51/lc_2022jut_cleaned.png
51,SNIa,2022jbg,https://tess.mit.edu/public/tesstransients/images/sector51/lc_2022jbg_cleaned.png
51,SNIa,2022ies,https://tess.mit.edu/public/tesstransients/images/sector51/lc_2022ies_cleaned.png
51,SNIa,2022ilq,https://tess.mit.edu/public/tesstransients/images/sector51/lc_2022ilq_cleaned.png
51,SNIa,2022jwh,https://tess.mit.edu/public/tesstransients/images/sector51/lc_2022jwh_cleaned.png
51,SNIa,2022jsp,https://tess.mit.edu/public/tesstransients/images/sector51/lc_2022jsp_cleaned.png
51,SNIa,2022jwy,https://tess.mit.edu/public/tesstransients/images/sector51/lc_2022jwy_cleaned.png
51,SNIa,2022ina,https://tess.mit.edu/public/tesstransients/images/sector51/lc_2022ina_cleaned.png
51,SNIa,2022jpn,https://tess.mit.edu/public/tesstransients/images/sector51/lc_2022jpn_cleaned.png
51,SNIa,2022jhq,https://tess.mit.edu/public/tesstransients/images/sector51/lc_2022jhq_cleaned.png
52,SNIa-91T-like,2022kzz,https://tess.mit.edu/public/tesstransients/images/sector52/lc_2022kzz_cleaned.png
52,SNIa,2022kla,https://tess.mit.edu/public/tesstransients/images/sector52/lc_2022kla_cleaned.png
52,SNIa,2022mnz,https://tess.mit.edu/public/tesstransients/images/sector52/lc_2022mnz_cleaned.png
52,SNIa,2022kie,https://tess.mit.edu/public/tesstransients/images/sector52/lc_2022kie_cleaned.png
52,SNIa,2022lfg,https://tess.mit.edu/public/tesstransients/images/sector52/lc_2022lfg_cleaned.png
52,SNIa,2022lzm,https://tess.mit.edu/public/tesstransients/images/sector52/lc_2022lzm_cleaned.png
52,SNIa,2022kkt,https://tess.mit.edu/public/tesstransients/images/sector52/lc_2022kkt_cleaned.png
52,SNIa,2022klm,https://tess.mit.edu/public/tesstransients/images/sector52/lc_2022klm_cleaned.png
52,SNIa,2022lce,https://tess.mit.edu/public/tesstransients/images/sector52/lc_2022lce_cleaned.png
52,SNIa,2022lqo,https://tess.mit.edu/public/tesstransients/images/sector52/lc_2022lqo_cleaned.png
52,SNIa,2022mhg,https://tess.mit.edu/public/tesstransients/images/sector52/lc_2022mhg_cleaned.png
52,SNIa,2022khr,https://tess.mit.edu/public/tesstransients/images/sector52/lc_2022khr_cleaned.png
52,SNIa,2022kwf,https://tess.mit.edu/public/tesstransients/images/sector52/lc_2022kwf_cleaned.png
52,SNIa,2022khf,https://tess.mit.edu/public/tesstransients/images/sector52/lc_2022khf_cleaned.png
52,SNIa,2022kyv,https://tess.mit.edu/public/tesstransients/images/sector52/lc_2022kyv_cleaned.png
52,SNIa,2022lmr,https://tess.mit.edu/public/tesstransients/images/sector52/lc_2022lmr_cleaned.png
52,SNIa,2022muy,https://tess.mit.edu/public/tesstransients/images/sector52/lc_2022muy_cleaned.png
52,SNIa,2022mbq,https://tess.mit.edu/public/tesstransients/images/sector52/lc_2022mbq_cleaned.png
52,SNIa-91T-like,2022mgt,https://tess.mit.edu/public/tesstransients/images/sector52/lc_2022mgt_cleaned.png
52,SNIa,2022kia,https://tess.mit.edu/public/tesstransients/images/sector52/lc_2022kia_cleaned.png
52,SNIa-91T-like,2022kpc,https://tess.mit.edu/public/tesstransients/images/sector52/lc_2022kpc_cleaned.png
52,SNIa,2022kyw,https://tess.mit.edu/public/tesstransients/images/sector52/lc_2022kyw_cleaned.png
53,SNIa,2022ojj,https://tess.mit.edu/public/tesstransients/images/sector53/lc_2022ojj_cleaned.png
53,SNIa,2022mtp,https://tess.mit.edu/public/tesstransients/images/sector53/lc_2022mtp_cleaned.png
53,SNIa,2022ohi,https://tess.mit.edu/public/tesstransients/images/sector53/lc_2022ohi_cleaned.png
53,SNIa,2022mzb,https://tess.mit.edu/public/tesstransients/images/sector53/lc_2022mzb_cleaned.png
53,SNIa,2022nid,https://tess.mit.edu/public/tesstransients/images/sector53/lc_2022nid_cleaned.png
53,SNIa,2022nxs,https://tess.mit.edu/public/tesstransients/images/sector53/lc_2022nxs_cleaned.png
53,SNIa,2022ocb,https://tess.mit.edu/public/tesstransients/images/sector53/lc_2022ocb_cleaned.png
53,SNIa,2022opl,https://tess.mit.edu/public/tesstransients/images/sector53/lc_2022opl_cleaned.png
53,SNIa,2022nab,https://tess.mit.edu/public/tesstransients/images/sector53/lc_2022nab_cleaned.png
53,SNIa,2022ohu,https://tess.mit.edu/public/tesstransients/images/sector53/lc_2022ohu_cleaned.png
53,SNIa,2022ney,https://tess.mit.edu/public/tesstransients/images/sector53/lc_2022ney_cleaned.png
53,SNIa,2022oci,https://tess.mit.edu/public/tesstransients/images/sector53/lc_2022oci_cleaned.png
53,SNIa,2022ooo,https://tess.mit.edu/public/tesstransients/images/sector53/lc_2022ooo_cleaned.png
53,SNIa,2022ngs,https://tess.mit.edu/public/tesstransients/images/sector53/lc_2022ngs_cleaned.png
53,SNIa,2022ohh,https://tess.mit.edu/public/tesstransients/images/sector53/lc_2022ohh_cleaned.png
53,SNIa,2022ojr,https://tess.mit.edu/public/tesstransients/images/sector53/lc_2022ojr_cleaned.png
54,SNIa,2022oxd,https://tess.mit.edu/public/tesstransients/images/sector54/lc_2022oxd_cleaned.png
54,SNIa,2022prd,https://tess.mit.edu/public/tesstransients/images/sector54/lc_2022prd_cleaned.png
54,SNIa,2022qes,https://tess.mit.edu/public/tesstransients/images/sector54/lc_2022qes_cleaned.png
54,SNIa,2022osg,https://tess.mit.edu/public/tesstransients/images/sector54/lc_2022osg_cleaned.png
54,SNIa,2022pjr,https://tess.mit.edu/public/tesstransients/images/sector54/lc_2022pjr_cleaned.png
54,SNIa,2022qdx,https://tess.mit.edu/public/tesstransients/images/sector54/lc_2022qdx_cleaned.png
54,SNIa,2022qmk,https://tess.mit.edu/public/tesstransients/images/sector54/lc_2022qmk_cleaned.png
54,SNIa,2022oqx,https://tess.mit.edu/public/tesstransients/images/sector54/lc_2022oqx_cleaned.png
54,SNIa,2022qlo,https://tess.mit.edu/public/tesstransients/images/sector54/lc_2022qlo_cleaned.png
54,SNIa,2022ppl,https://tess.mit.edu/public/tesstransients/images/sector54/lc_2022ppl_cleaned.png
54,SNIa,2022pib,https://tess.mit.edu/public/tesstransients/images/sector54/lc_2022pib_cleaned.png
54,SNIa,2022orr,https://tess.mit.edu/public/tesstransients/images/sector54/lc_2022orr_cleaned.png
55,SNIa,2022rti,https://tess.mit.edu/public/tesstransients/images/sector55/lc_2022rti_cleaned.png
55,SNIa,2022sjf,https://tess.mit.edu/public/tesstransients/images/sector55/lc_2022sjf_cleaned.png
55,SNIa,2022rfj,https://tess.mit.edu/public/tesstransients/images/sector55/lc_2022rfj_cleaned.png
55,SNIa,2022rky,https://tess.mit.edu/public/tesstransients/images/sector55/lc_2022rky_cleaned.png
55,SNIa,2022son,https://tess.mit.edu/public/tesstransients/images/sector55/lc_2022son_cleaned.png
55,SNIa,2022rsb,https://tess.mit.edu/public/tesstransients/images/sector55/lc_2022rsb_cleaned.png
55,SNIa,2022rzz,https://tess.mit.edu/public/tesstransients/images/sector55/lc_2022rzz_cleaned.png
55,SNIa,2022qye,https://tess.mit.edu/public/tesstransients/images/sector55/lc_2022qye_cleaned.png
55,SNIa,2022rvb,https://tess.mit.edu/public/tesstransients/images/sector55/lc_2022rvb_cleaned.png
55,SNIa,2022roy,https://tess.mit.edu/public/tesstransients/images/sector55/lc_2022roy_cleaned.png
55,SNIa,2022rnw,https://tess.mit.edu/public/tesstransients/images/sector55/lc_2022rnw_cleaned.png
55,SNIa,2022rfh,https://tess.mit.edu/public/tesstransients/images/sector55/lc_2022rfh_cleaned.png
55,SNIa,2022rll,https://tess.mit.edu/public/tesstransients/images/sector55/lc_2022rll_cleaned.png
56,SNIa,2022wbm,https://tess.mit.edu/public/tesstransients/images/sector56/lc_2022wbm_cleaned.png
56,SNIa,2022ukm,https://tess.mit.edu/public/tesstransients/images/sector56/lc_2022ukm_cleaned.png
56,SNIa,2022vwd,https://tess.mit.edu/public/tesstransients/images/sector56/lc_2022vwd_cleaned.png
56,SNIa,2022wgb,https://tess.mit.edu/public/tesstransients/images/sector56/lc_2022wgb_cleaned.png
56,SNIa,2022ugg,https://tess.mit.edu/public/tesstransients/images/sector56/lc_2022ugg_cleaned.png
56,SNIa,2022uwh,https://tess.mit.edu/public/tesstransients/images/sector56/lc_2022uwh_cleaned.png
56,SNIa,2022wcm,https://tess.mit.edu/public/tesstransients/images/sector56/lc_2022wcm_cleaned.png
56,SNIa,2022uuy,https://tess.mit.edu/public/tesstransients/images/sector56/lc_2022uuy_cleaned.png
56,SNIa,2022vsq,https://tess.mit.edu/public/tesstransients/images/sector56/lc_2022vsq_cleaned.png
56,SNIa-91bg-lik,e 2022vxf,https://tess.mit.edu/public/tesstransients/images/sector56/lc_e 2022vxf_cleaned.png
56,SNIa,2022ubr,https://tess.mit.edu/public/tesstransients/images/sector56/lc_2022ubr_cleaned.png
56,SNIa,2022vpn,https://tess.mit.edu/public/tesstransients/images/sector56/lc_2022vpn_cleaned.png
56,SNIa,2022wbo,https://tess.mit.edu/public/tesstransients/images/sector56/lc_2022wbo_cleaned.png
56,SNIa,2022wbp,https://tess.mit.edu/public/tesstransients/images/sector56/lc_2022wbp_cleaned.png
56,SNIa,2022ufg,https://tess.mit.edu/public/tesstransients/images/sector56/lc_2022ufg_cleaned.png
56,SNIa,2022wen,https://tess.mit.edu/public/tesstransients/images/sector56/lc_2022wen_cleaned.png
56,SNIa,2022wkj,https://tess.mit.edu/public/tesstransients/images/sector56/lc_2022wkj_cleaned.png
56,SNIa,2022ubd,https://tess.mit.edu/public/tesstransients/images/sector56/lc_2022ubd_cleaned.png
56,SNIa,2022wlh,https://tess.mit.edu/public/tesstransients/images/sector56/lc_2022wlh_cleaned.png
56,SNIa,2022uso,https://tess.mit.edu/public/tesstransients/images/sector56/lc_2022uso_cleaned.png
57,SNIa,2022ydi,https://tess.mit.edu/public/tesstransients/images/sector57/lc_2022ydi_cleaned.png
57,SNIa,2022yqa,https://tess.mit.edu/public/tesstransients/images/sector57/lc_2022yqa_cleaned.png
57,SNIa,2022yeo,https://tess.mit.edu/public/tesstransients/images/sector57/lc_2022yeo_cleaned.png
57,SNIa,2022yye,https://tess.mit.edu/public/tesstransients/images/sector57/lc_2022yye_cleaned.png
57,SNIa,2022xlx,https://tess.mit.edu/public/tesstransients/images/sector57/lc_2022xlx_cleaned.png
57,SNIa,2022xhn,https://tess.mit.edu/public/tesstransients/images/sector57/lc_2022xhn_cleaned.png
57,SNIa,2022xja,https://tess.mit.edu/public/tesstransients/images/sector57/lc_2022xja_cleaned.png
57,SNIa,2022znd,https://tess.mit.edu/public/tesstransients/images/sector57/lc_2022znd_cleaned.png
57,SNIa,2022yoi,https://tess.mit.edu/public/tesstransients/images/sector57/lc_2022yoi_cleaned.png
57,SNIa,2022ydr,https://tess.mit.edu/public/tesstransients/images/sector57/lc_2022ydr_cleaned.png
57,SNIa,2022wln,https://tess.mit.edu/public/tesstransients/images/sector57/lc_2022wln_cleaned.png
58,SNIa,2022abhx,https://tess.mit.edu/public/tesstransients/images/sector58/lc_2022abhx_cleaned.png
58,SNIa,2022abcq,https://tess.mit.edu/public/tesstransients/images/sector58/lc_2022abcq_cleaned.png
58,SNIa,2022ablu,https://tess.mit.edu/public/tesstransients/images/sector58/lc_2022ablu_cleaned.png
58,SNIa,2022aaif,https://tess.mit.edu/public/tesstransients/images/sector58/lc_2022aaif_cleaned.png
58,SNIa,2022zsk,https://tess.mit.edu/public/tesstransients/images/sector58/lc_2022zsk_cleaned.png
59,SNIa,2022adub,https://tess.mit.edu/public/tesstransients/images/sector59/lc_2022adub_cleaned.png
59,SNIa,2022acyr,https://tess.mit.edu/public/tesstransients/images/sector59/lc_2022acyr_cleaned.png
59,SNIa,2022abwi,https://tess.mit.edu/public/tesstransients/images/sector59/lc_2022abwi_cleaned.png
60,SNIa,2023su,https://tess.mit.edu/public/tesstransients/images/sector60/lc_2023su_cleaned.png
60,SNIa,2023iy,https://tess.mit.edu/public/tesstransients/images/sector60/lc_2023iy_cleaned.png
60,SNIa,2023qb,https://tess.mit.edu/public/tesstransients/images/sector60/lc_2023qb_cleaned.png
60,SNIa,2023rn,https://tess.mit.edu/public/tesstransients/images/sector60/lc_2023rn_cleaned.png
61,SNIa,2023bmf,https://tess.mit.edu/public/tesstransients/images/sector61/lc_2023bmf_cleaned.png
61,SNIa,2023bee,https://tess.mit.edu/public/tesstransients/images/sector61/lc_2023bee_cleaned.png
61,SNIa,2023bms,https://tess.mit.edu/public/tesstransients/images/sector61/lc_2023bms_cleaned.png
61,SNIa,2023aoz,https://tess.mit.edu/public/tesstransients/images/sector61/lc_2023aoz_cleaned.png
62,SNIa,2023clz,https://tess.mit.edu/public/tesstransients/images/sector62/lc_2023clz_cleaned.png
62,SNIax[02cx-li,ke] 2023bsr,https://tess.mit.edu/public/tesstransients/images/sector62/lc_ke] 2023bsr_cleaned.png
